{"_id":{"$oid":"56dfed2c4875cde7cad192a3"},"accountID":2.28857513e+08,"sortCode":"21-05-13","accountNumber":2.8575113e+07,"accountName":"Haptic Architects Petrol CPR Overdraft","customer":{"customerID":501.0,"customerName":"Haptic Architects Petrol","effectiveStartDate":9.46665e+11,"effectiveEndDate":4.82820282e+13},"currency":"USD","limit":-12000.0,"rate":-2.5,"maturity":" ","product":{"productName":"CPR Overdraft","productID":2001.0,"productLevel1":"DEBT","productLevel2":"Trade and Working Capital","productLevel3":"Overdrafts"},"facilitiesUsageStats":{"date":1.4483034e+12,"maxUsed":-12352.55,"avgDays":2.0,"odDays":13.0,"calculatedOndate":1.4483034e+12},"dailystats":{"date":1.4483034e+12,"balance":-10572.32,"usage":0.8810267},"monthlyAverages":[{"date":1.4463162e+12,"month":10.0,"avgBalance":-7261.2,"worstBalance":-10572.32},{"date":1.4436378e+12,"month":9.0,"avgBalance":-6723.75,"worstBalance":-8883.94},{"date":1.4410458e+12,"month":8.0,"avgBalance":-7162.64,"worstBalance":-8960.91},{"date":1.4383674e+12,"month":7.0,"avgBalance":-7161.96,"worstBalance":-8967.93},{"date":1.435689e+12,"month":6.0,"avgBalance":-6982.24,"worstBalance":-8975.97},{"date":1.433097e+12,"month":5.0,"avgBalance":-7396.65,"worstBalance":-8971.93},{"date":1.4304186e+12,"month":4.0,"avgBalance":-6960.36,"worstBalance":-8860.96},{"date":1.4278266e+12,"month":3.0,"avgBalance":-6536.15,"worstBalance":-8946.92},{"date":1.4251482e+12,"month":2.0,"avgBalance":-7223.29,"worstBalance":-8994.99},{"date":1.422729e+12,"month":1.0,"avgBalance":-7227.68,"worstBalance":-8847.94},{"date":1.4200506e+12,"month":0.0,"avgBalance":-7282.47,"worstBalance":-8996.52},{"date":1.4173722e+12,"month":11.0,"avgBalance":-6800.03,"worstBalance":-8952.55},{"date":1.4147802e+12,"month":10.0,"avgBalance":-7025.41,"worstBalance":-8885.92},{"date":1.4121018e+12,"month":9.0,"avgBalance":-7213.62,"worstBalance":-8937.57},{"date":1.4095098e+12,"month":8.0,"avgBalance":-7057.88,"worstBalance":-8923.58},{"date":1.4068314e+12,"month":7.0,"avgBalance":-6680.86,"worstBalance":-8912.95},{"date":1.404153e+12,"month":6.0,"avgBalance":-7220.92,"worstBalance":-8999.58},{"date":1.401561e+12,"month":5.0,"avgBalance":-7158.12,"worstBalance":-8899.0},{"date":1.3988826e+12,"month":4.0,"avgBalance":-7042.74,"worstBalance":-8983.58},{"date":1.3962906e+12,"month":3.0,"avgBalance":-7090.98,"worstBalance":-8398.94},{"date":1.3936122e+12,"month":2.0,"avgBalance":-7303.23,"worstBalance":-8862.92},{"date":1.391193e+12,"month":1.0,"avgBalance":-6468.85,"worstBalance":-8587.52},{"date":1.3885146e+12,"month":0.0,"avgBalance":-7183.73,"worstBalance":-8732.99},{"date":1.3858362e+12,"month":11.0,"avgBalance":-6866.21,"worstBalance":-8656.92},{"date":1.3832442e+12,"month":10.0,"avgBalance":-6982.14,"worstBalance":-8955.97},{"date":1.3805658e+12,"month":9.0,"avgBalance":-6997.28,"worstBalance":-8986.99},{"date":1.3779738e+12,"month":8.0,"avgBalance":-6772.33,"worstBalance":-8742.0},{"date":1.3752954e+12,"month":7.0,"avgBalance":-6932.94,"worstBalance":-8900.93},{"date":1.372617e+12,"month":6.0,"avgBalance":-6705.43,"worstBalance":-8787.95},{"date":1.370025e+12,"month":5.0,"avgBalance":-7323.33,"worstBalance":-8973.54},{"date":1.3673466e+12,"month":4.0,"avgBalance":-7214.99,"worstBalance":-9000.59},{"date":1.3647546e+12,"month":3.0,"avgBalance":-6539.6,"worstBalance":-8910.54},{"date":1.3620762e+12,"month":2.0,"avgBalance":-7287.37,"worstBalance":-8997.54},{"date":1.359657e+12,"month":1.0,"avgBalance":-6930.51,"worstBalance":-8957.59},{"date":1.3569786e+12,"month":0.0,"avgBalance":-6997.46,"worstBalance":-8872.98}]}
{"_id":{"$oid":"56dfede14875cde7cad192a4"},"accountID":2.28857613e+08,"sortCode":"21-06-13","accountNumber":2.857613e+07,"accountName":"Foxes Club Franchising Management Floating \u0026 Fixed Rate Loans - Long Term","customer":{"customerID":601.0,"customerName":"Foxes Club Franchising Management","effectiveStartDate":9.46665e+11,"effectiveEndDate":4.82820282e+13},"currency":"USD","limit":-12000.0,"rate":2.46,"maturity":1.6094394e+12,"product":{"productName":"Floating \u0026 Fixed Rate Loans - Long Term","productID":4035.0,"productLevel1":"DEBT","productLevel2":"Term Lending","productLevel3":"Branch Loans"},"facilitiesUsageStats":{"date":1.4483034e+12,"maxUsed":-11848.26,"avgDays":1.0,"odDays":24.0,"calculatedOndate":1.4483034e+12},"dailystats":{"date":1.4483034e+12,"balance":-8315.07,"usage":0.69292253},"monthlyAverages":[{"date":1.4463162e+12,"month":10.0,"avgBalance":-5800.28,"worstBalance":-9887.78},{"date":1.4436378e+12,"month":9.0,"avgBalance":-5575.96,"worstBalance":-9916.4},{"date":1.4410458e+12,"month":8.0,"avgBalance":-5277.72,"worstBalance":-9790.17},{"date":1.4383674e+12,"month":7.0,"avgBalance":-5809.83,"worstBalance":-9714.47},{"date":1.435689e+12,"month":6.0,"avgBalance":-4891.63,"worstBalance":-9777.01},{"date":1.433097e+12,"month":5.0,"avgBalance":-4785.41,"worstBalance":-9496.74},{"date":1.4304186e+12,"month":4.0,"avgBalance":-5532.96,"worstBalance":-9640.13},{"date":1.4278266e+12,"month":3.0,"avgBalance":-5005.04,"worstBalance":-9755.17},{"date":1.4251482e+12,"month":2.0,"avgBalance":-5405.64,"worstBalance":-9864.42},{"date":1.422729e+12,"month":1.0,"avgBalance":-4901.84,"worstBalance":-9747.59},{"date":1.4200506e+12,"month":0.0,"avgBalance":-5154.82,"worstBalance":-9851.42},{"date":1.4173722e+12,"month":11.0,"avgBalance":-5458.11,"worstBalance":-9938.48},{"date":1.4147802e+12,"month":10.0,"avgBalance":-5969.65,"worstBalance":-9920.88},{"date":1.4121018e+12,"month":9.0,"avgBalance":-5356.23,"worstBalance":-9965.97},{"date":1.4095098e+12,"month":8.0,"avgBalance":-4761.61,"worstBalance":-9834.43},{"date":1.4068314e+12,"month":7.0,"avgBalance":-5978.03,"worstBalance":-9942.98},{"date":1.404153e+12,"month":6.0,"avgBalance":-5910.13,"worstBalance":-9669.33},{"date":1.401561e+12,"month":5.0,"avgBalance":-5165.86,"worstBalance":-9910.4},{"date":1.3988826e+12,"month":4.0,"avgBalance":-5099.92,"worstBalance":-9575.56},{"date":1.3962906e+12,"month":3.0,"avgBalance":-5877.71,"worstBalance":-9527.61},{"date":1.3936122e+12,"month":2.0,"avgBalance":-5824.87,"worstBalance":-9907.85},{"date":1.391193e+12,"month":1.0,"avgBalance":-5579.2,"worstBalance":-9813.63},{"date":1.3885146e+12,"month":0.0,"avgBalance":-4535.3,"worstBalance":-9870.0},{"date":1.3858362e+12,"month":11.0,"avgBalance":-5844.64,"worstBalance":-9827.39},{"date":1.3832442e+12,"month":10.0,"avgBalance":-5891.92,"worstBalance":-9720.32},{"date":1.3805658e+12,"month":9.0,"avgBalance":-5382.98,"worstBalance":-9853.32},{"date":1.3779738e+12,"month":8.0,"avgBalance":-6292.68,"worstBalance":-9890.63},{"date":1.3752954e+12,"month":7.0,"avgBalance":-5256.79,"worstBalance":-9407.83},{"date":1.372617e+12,"month":6.0,"avgBalance":-4991.55,"worstBalance":-9548.65},{"date":1.370025e+12,"month":5.0,"avgBalance":-5052.54,"worstBalance":-9838.7},{"date":1.3673466e+12,"month":4.0,"avgBalance":-5326.69,"worstBalance":-9847.05},{"date":1.3647546e+12,"month":3.0,"avgBalance":-5287.54,"worstBalance":-9925.23},{"date":1.3620762e+12,"month":2.0,"avgBalance":-6166.5,"worstBalance":-9870.79},{"date":1.359657e+12,"month":1.0,"avgBalance":-5688.77,"worstBalance":-9973.69},{"date":1.3569786e+12,"month":0.0,"avgBalance":-5831.5,"worstBalance":-9747.53}]}
{"_id":{"$oid":"56e10b854e8c4791778b9bd9"},"accountID":1.2345678e+07,"sortCode":"21-05-11","accountNumber":1.2345678e+07,"accountName":"Haptic Architects Petrol Current Account (Local and non-Local Currency)","customer":{"customerID":123.0,"customerName":"Haptic Architects Petrol","effectiveStartDate":9.46665e+11,"effectiveEndDate":4.82820282e+13},"currency":"GBP","limit":0.0,"rate":0.3,"maturity":" ","product":{"productName":"Current Account (Local and non-Local Currency)","productID":1011.0,"productLevel1":"DEPOSITS","productLevel2":"Current Accounts","productLevel3":"NIBCA"},"facilitiesUsageStats":{"date":1.4483034e+12,"maxUsed":5005.07,"minUsed":8988.03,"avgDays":0.0,"odDays":0.0,"calculatedOndate":1.4483034e+12},"dailystats":{"date":1.4483034e+12,"balance":7888.51,"usage":0.0},"monthlyAverages":[{"date":1.0,"month":10.0,"avgBalance":7295.38,"worstBalance":5145.02},{"date":2.0,"month":9.0,"avgBalance":7254.03,"worstBalance":5043.06},{"date":3.0,"month":8.0,"avgBalance":7354.03,"worstBalance":5108.42},{"date":4.0,"month":7.0,"avgBalance":6948.04,"worstBalance":5064.04},{"date":5.0,"month":6.0,"avgBalance":7126.5,"worstBalance":5429.41},{"date":6.0,"month":5.0,"avgBalance":7087.85,"worstBalance":5129.0},{"date":7.0,"month":4.0,"avgBalance":7072.68,"worstBalance":5005.07},{"date":8.0,"month":3.0,"avgBalance":6863.35,"worstBalance":5151.46},{"date":9.0,"month":2.0,"avgBalance":6990.61,"worstBalance":5180.47},{"date":10.0,"month":1.0,"avgBalance":7175.0,"worstBalance":5098.43},{"date":11.0,"month":0.0,"avgBalance":7174.05,"worstBalance":5346.42},{"date":12.0,"month":11.0,"avgBalance":7278.97,"worstBalance":5009.05},{"date":13.0,"month":10.0,"avgBalance":6980.82,"worstBalance":5115.08},{"date":14.0,"month":9.0,"avgBalance":7064.06,"worstBalance":5023.47},{"date":15.0,"month":8.0,"avgBalance":6770.85,"worstBalance":5145.43}]}
{"_id":{"$oid":"56e132a14e8c4791778b9bda"},"accountID":2.28857511e+08,"sortCode":"21-05-11","accountNumber":2.8575111e+07,"accountName":"Haptic Architects Petrol Current Account (Local and non-Local Currency)","customer":{"customerID":501.0,"customerName":"Haptic Architects Petrol","effectiveStartDate":9.46665e+11,"effectiveEndDate":4.82820282e+13},"currency":"GBP","limit":0.0,"rate":0.3,"maturity":" ","product":{"productName":"Current Account (Local and non-Local Currency)","productID":1011.0,"productLevel1":"DEPOSITS","productLevel2":"Current Accounts","productLevel3":"NIBCA"},"facilitiesUsageStats":{"date":1.4483034e+12,"maxUsed":5005.07,"minUsed":8988.03,"avgDays":0.0,"odDays":0.0,"calculatedOndate":1.4483034e+12},"dailystats":{"date":1.4483034e+12,"balance":7888.51,"usage":0.0},"monthlyAverages":[{"date":1.4463162e+12,"month":11.0,"avgBalance":7295.38,"worstBalance":5145.02},{"date":1.4436378e+12,"month":10.0,"avgBalance":7254.03,"worstBalance":5043.06},{"date":1.4410458e+12,"month":9.0,"avgBalance":7354.03,"worstBalance":5108.42},{"date":1.4383674e+12,"month":8.0,"avgBalance":6948.04,"worstBalance":5064.04},{"date":1.435689e+12,"month":7.0,"avgBalance":7126.5,"worstBalance":5429.41},{"date":1.433097e+12,"month":6.0,"avgBalance":7087.85,"worstBalance":5129.0},{"date":1.4304186e+12,"month":5.0,"avgBalance":7072.68,"worstBalance":5005.07},{"date":1.4278266e+12,"month":4.0,"avgBalance":6863.35,"worstBalance":5151.46},{"date":1.4251482e+12,"month":3.0,"avgBalance":6990.61,"worstBalance":5180.47},{"date":1.422729e+12,"month":2.0,"avgBalance":7175.0,"worstBalance":5098.43},{"date":1.4200506e+12,"month":0.0,"avgBalance":7174.05,"worstBalance":5346.42},{"date":1.4173722e+12,"month":11.0,"avgBalance":7278.97,"worstBalance":5009.05},{"date":1.4147802e+12,"month":10.0,"avgBalance":6980.82,"worstBalance":5115.08},{"date":1.4121018e+12,"month":9.0,"avgBalance":7064.06,"worstBalance":5023.47},{"date":1.4095098e+12,"month":8.0,"avgBalance":6770.85,"worstBalance":5145.43},{"date":1.4068314e+12,"month":7.0,"avgBalance":6855.82,"worstBalance":5048.01},{"date":1.404153e+12,"month":6.0,"avgBalance":6780.17,"worstBalance":5069.43},{"date":1.401561e+12,"month":5.0,"avgBalance":7206.92,"worstBalance":5184.46},{"date":1.3988826e+12,"month":4.0,"avgBalance":7090.45,"worstBalance":5044.09},{"date":1.3962906e+12,"month":3.0,"avgBalance":6563.09,"worstBalance":5014.42},{"date":1.3936122e+12,"month":2.0,"avgBalance":7103.55,"worstBalance":5042.02},{"date":1.391193e+12,"month":1.0,"avgBalance":7012.54,"worstBalance":5116.48},{"date":1.3885146e+12,"month":0.0,"avgBalance":7141.75,"worstBalance":5172.43},{"date":1.3858362e+12,"month":11.0,"avgBalance":6807.28,"worstBalance":5039.0},{"date":1.3832442e+12,"month":10.0,"avgBalance":7287.09,"worstBalance":5065.45},{"date":1.3805658e+12,"month":9.0,"avgBalance":6793.4,"worstBalance":5016.46},{"date":1.3779738e+12,"month":8.0,"avgBalance":6572.34,"worstBalance":5017.49},{"date":1.3752954e+12,"month":7.0,"avgBalance":7182.77,"worstBalance":5239.48},{"date":1.372617e+12,"month":6.0,"avgBalance":6909.86,"worstBalance":5042.09},{"date":1.370025e+12,"month":5.0,"avgBalance":7299.24,"worstBalance":5545.09},{"date":1.3673466e+12,"month":4.0,"avgBalance":7074.11,"worstBalance":5170.49},{"date":1.3647546e+12,"month":3.0,"avgBalance":7012.7,"worstBalance":5438.47},{"date":1.3620762e+12,"month":2.0,"avgBalance":6808.63,"worstBalance":5133.0},{"date":1.359657e+12,"month":1.0,"avgBalance":7123.45,"worstBalance":5356.08},{"date":1.3569786e+12,"month":0.0,"avgBalance":7086.67,"worstBalance":5302.48}]}
{"_id":{"$oid":"56e133a24e8c4791778b9bdb"},"accountID":2.28857512e+08,"sortCode":"21-05-11","accountNumber":2.28857512e+08,"accountName":"Haptic Architects Petrol Current Account (Local)","customer":{"customerID":501.0,"customerName":"Haptic Architects Petrol","effectiveStartDate":9.46665e+11,"effectiveEndDate":4.82820282e+13},"currency":"GBP","limit":0.0,"rate":0.3,"maturity":" ","product":{"productName":"Current Account (Local)","productID":1011.0,"productLevel1":"DEPOSITS","productLevel2":"Current Accounts","productLevel3":"NIBCA"},"facilitiesUsageStats":{"date":1.4483034e+12,"maxUsed":5005.07,"minUsed":8988.03,"avgDays":0.0,"odDays":0.0,"calculatedOndate":1.4483034e+12},"dailystats":{"date":1.4483034e+12,"balance":7888.51,"usage":0.0},"monthlyAverages":[{"date":1.4463162e+12,"month":11.0,"avgBalance":7295.38,"worstBalance":5145.02},{"date":1.4436378e+12,"month":10.0,"avgBalance":7254.03,"worstBalance":5043.06},{"date":1.4410458e+12,"month":9.0,"avgBalance":7354.03,"worstBalance":5108.42},{"date":1.4383674e+12,"month":8.0,"avgBalance":6948.04,"worstBalance":5064.04},{"date":1.435689e+12,"month":7.0,"avgBalance":7126.5,"worstBalance":5429.41},{"date":1.433097e+12,"month":6.0,"avgBalance":7087.85,"worstBalance":5129.0},{"date":1.4304186e+12,"month":5.0,"avgBalance":7072.68,"worstBalance":5005.07},{"date":1.4278266e+12,"month":4.0,"avgBalance":6863.35,"worstBalance":5151.46},{"date":1.4251482e+12,"month":3.0,"avgBalance":6990.61,"worstBalance":5180.47},{"date":1.422729e+12,"month":2.0,"avgBalance":7175.0,"worstBalance":5098.43},{"date":1.4200506e+12,"month":0.0,"avgBalance":7174.05,"worstBalance":5346.42},{"date":1.4173722e+12,"month":11.0,"avgBalance":7278.97,"worstBalance":5009.05},{"date":1.4147802e+12,"month":10.0,"avgBalance":6980.82,"worstBalance":5115.08},{"date":1.4121018e+12,"month":9.0,"avgBalance":7064.06,"worstBalance":5023.47},{"date":1.4095098e+12,"month":8.0,"avgBalance":6770.85,"worstBalance":5145.43},{"date":1.4068314e+12,"month":7.0,"avgBalance":6855.82,"worstBalance":5048.01},{"date":1.404153e+12,"month":6.0,"avgBalance":6780.17,"worstBalance":5069.43},{"date":1.401561e+12,"month":5.0,"avgBalance":7206.92,"worstBalance":5184.46},{"date":1.3988826e+12,"month":4.0,"avgBalance":7090.45,"worstBalance":5044.09},{"date":1.3962906e+12,"month":3.0,"avgBalance":6563.09,"worstBalance":5014.42},{"date":1.3936122e+12,"month":2.0,"avgBalance":7103.55,"worstBalance":5042.02},{"date":1.391193e+12,"month":1.0,"avgBalance":7012.54,"worstBalance":5116.48},{"date":1.3885146e+12,"month":0.0,"avgBalance":7141.75,"worstBalance":5172.43},{"date":1.3858362e+12,"month":11.0,"avgBalance":6807.28,"worstBalance":5039.0},{"date":1.3832442e+12,"month":10.0,"avgBalance":7287.09,"worstBalance":5065.45},{"date":1.3805658e+12,"month":9.0,"avgBalance":6793.4,"worstBalance":5016.46},{"date":1.3779738e+12,"month":8.0,"avgBalance":6572.34,"worstBalance":5017.49},{"date":1.3752954e+12,"month":7.0,"avgBalance":7182.77,"worstBalance":5239.48},{"date":1.372617e+12,"month":6.0,"avgBalance":6909.86,"worstBalance":5042.09},{"date":1.370025e+12,"month":5.0,"avgBalance":7299.24,"worstBalance":5545.09},{"date":1.3673466e+12,"month":4.0,"avgBalance":7074.11,"worstBalance":5170.49},{"date":1.3647546e+12,"month":3.0,"avgBalance":7012.7,"worstBalance":5438.47},{"date":1.3620762e+12,"month":2.0,"avgBalance":6808.63,"worstBalance":5133.0},{"date":1.359657e+12,"month":1.0,"avgBalance":7123.45,"worstBalance":5356.08},{"date":1.3569786e+12,"month":0.0,"avgBalance":7086.67,"worstBalance":5302.48}]}
{"_id":{"$oid":"56e95825c92986b07c3510c5"},"accountID":2.28857615e+08,"sortCode":"21-05-11","accountNumber":2.8575111e+07,"accountName":"Haptic Architects Petrol Current Account (Local and non-Local Currency)","customer":{"customerID":501.0,"customerName":"Haptic Architects Petrol","effectiveStartDate":9.46665e+11,"effectiveEndDate":4.82820282e+13},"currency":"GBP","limit":0.0,"rate":0.3,"maturity":" ","product":{"productName":"Current Account (Local and non-Local Currency)","productID":2001.0,"productLevel1":"DEBT","productLevel2":"Current Accounts","productLevel3":"NIBCA"},"facilitiesUsageStats":{"date":1.4483034e+12,"maxUsed":5005.07,"minUsed":8988.03,"avgDays":0.0,"odDays":0.0,"calculatedOndate":1.4483034e+12},"dailystats":{"date":1.4483034e+12,"balance":7888.51,"usage":0.0},"monthlyAverages":[{"date":1.4463162e+12,"month":11.0,"avgBalance":7295.38,"worstBalance":5145.02},{"date":1.4436378e+12,"month":10.0,"avgBalance":7254.03,"worstBalance":5043.06},{"date":1.4410458e+12,"month":9.0,"avgBalance":7354.03,"worstBalance":5108.42},{"date":1.4383674e+12,"month":8.0,"avgBalance":6948.04,"worstBalance":5064.04},{"date":1.435689e+12,"month":7.0,"avgBalance":7126.5,"worstBalance":5429.41},{"date":1.433097e+12,"month":6.0,"avgBalance":7087.85,"worstBalance":5129.0},{"date":1.4304186e+12,"month":5.0,"avgBalance":7072.68,"worstBalance":5005.07},{"date":1.4278266e+12,"month":4.0,"avgBalance":6863.35,"worstBalance":5151.46},{"date":1.4251482e+12,"month":3.0,"avgBalance":6990.61,"worstBalance":5180.47},{"date":1.422729e+12,"month":2.0,"avgBalance":7175.0,"worstBalance":5098.43},{"date":1.4200506e+12,"month":0.0,"avgBalance":7174.05,"worstBalance":5346.42},{"date":1.4173722e+12,"month":11.0,"avgBalance":7278.97,"worstBalance":5009.05},{"date":1.4147802e+12,"month":10.0,"avgBalance":6980.82,"worstBalance":5115.08},{"date":1.4121018e+12,"month":9.0,"avgBalance":7064.06,"worstBalance":5023.47},{"date":1.4095098e+12,"month":8.0,"avgBalance":6770.85,"worstBalance":5145.43},{"date":1.4068314e+12,"month":7.0,"avgBalance":6855.82,"worstBalance":5048.01},{"date":1.404153e+12,"month":6.0,"avgBalance":6780.17,"worstBalance":5069.43},{"date":1.401561e+12,"month":5.0,"avgBalance":7206.92,"worstBalance":5184.46},{"date":1.3988826e+12,"month":4.0,"avgBalance":7090.45,"worstBalance":5044.09},{"date":1.3962906e+12,"month":3.0,"avgBalance":6563.09,"worstBalance":5014.42},{"date":1.3936122e+12,"month":2.0,"avgBalance":7103.55,"worstBalance":5042.02},{"date":1.391193e+12,"month":1.0,"avgBalance":7012.54,"worstBalance":5116.48},{"date":1.3885146e+12,"month":0.0,"avgBalance":7141.75,"worstBalance":5172.43},{"date":1.3858362e+12,"month":11.0,"avgBalance":6807.28,"worstBalance":5039.0},{"date":1.3832442e+12,"month":10.0,"avgBalance":7287.09,"worstBalance":5065.45},{"date":1.3805658e+12,"month":9.0,"avgBalance":6793.4,"worstBalance":5016.46},{"date":1.3779738e+12,"month":8.0,"avgBalance":6572.34,"worstBalance":5017.49},{"date":1.3752954e+12,"month":7.0,"avgBalance":7182.77,"worstBalance":5239.48},{"date":1.372617e+12,"month":6.0,"avgBalance":6909.86,"worstBalance":5042.09},{"date":1.370025e+12,"month":5.0,"avgBalance":7299.24,"worstBalance":5545.09},{"date":1.3673466e+12,"month":4.0,"avgBalance":7074.11,"worstBalance":5170.49},{"date":1.3647546e+12,"month":3.0,"avgBalance":7012.7,"worstBalance":5438.47},{"date":1.3620762e+12,"month":2.0,"avgBalance":6808.63,"worstBalance":5133.0},{"date":1.359657e+12,"month":1.0,"avgBalance":7123.45,"worstBalance":5356.08},{"date":1.3569786e+12,"month":0.0,"avgBalance":7086.67,"worstBalance":5302.48}]}
