{"_id":{"$oid":"5706094465e97cf943704e7a"},"date":1.42101882e+12,"accountID":2.28857518e+08,"tariff":"Mixed Payments Plan","tariffOk":"Green","currency":"GBP","values":[{"duration":1.0,"values":[{"cashPayments":63.0,"electronicPayments":9.0,"monthlyFee":6.0,"cheques":26.0,"others":10.0}],"total":114.0},{"duration":3.0,"values":[{"cashPayments":229.5,"electronicPayments":15.75,"monthlyFee":18.0,"cheques":107.25,"others":25.0}],"total":405.5},{"duration":6.0,"values":[{"cashPayments":580.0,"electronicPayments":78.75,"monthlyFee":36.0,"cheques":302.25,"others":71.0}],"total":1068.5},{"duration":9.0,"values":[{"cashPayments":1053.0,"electronicPayments":189.0,"monthlyFee":54.0,"cheques":585.0,"others":112.0}],"total":1993.0},{"duration":12.0,"values":[{"cashPayments":1431.0,"electronicPayments":262.5,"monthlyFee":72.0,"cheques":799.5,"others":153.0}],"total":2718.0}]}
{"_id":{"$oid":"570609fb65e97cf943704e7b"},"date":1.42101882e+12,"accountID":"228857611","tariff":"e-Payments Plan","tariffOk":"Red","currency":"GBP","values":[{"duration":1.0,"values":[{"cashPayments":127.5,"monthlyFee":6.5,"cheques":52.5,"others":12.0}],"total":198.5},{"duration":3.0,"values":[{"cashPayments":450.0,"monthlyFee":19.5,"cheques":225.0,"others":41.0}],"total":735.5},{"duration":6.0,"values":[{"cashPayments":1065.0,"monthlyFee":39.0,"cheques":615.0,"others":83.0}],"total":1802.0},{"duration":9.0,"values":[{"cashPayments":1620.0,"monthlyFee":58.5,"cheques":945.0,"others":130.0}],"total":2753.3},{"duration":12.0,"values":[{"cashPayments":2227.5,"monthlyFee":78.0,"cheques":1327.5,"others":177.0}],"total":3810.0}]}
