{"_id":{"$oid":"57060a2865e97cf943704e7c"},"accountID":2.28857511e+08,"accountNumber":2.8575111e+07,"comparison":-500.0,"comparisonPercent":"-2%","currency":"GBP","values":[{"year":2014.0,"value":104365.0},{"year":2015.0,"value":102863.0},{"year":2016.0,"value":103116.0,"projected":"true","projectedValue":8593.0}]}
{"_id":{"$oid":"57060a3e65e97cf943704e7d"},"accountID":2.28857512e+08,"accountNumber":2.8575112e+07,"comparison":-1200.0,"comparisonPercent":"-6%","currency":"GBP","values":[{"year":2014.0,"value":95763.0},{"year":2015.0,"value":96155.0},{"year":2016.0,"value":97920.0,"projected":"true","projectedValue":8160.0}]}
{"_id":{"$oid":"57060b7065e97cf943704e7e"},"accountID":2.28857515e+08,"accountNumber":2.8575115e+07,"comparison":700.0,"comparisonPercent":"3%","currency":"GBP","values":[{"year":2014.0,"value":82178.0},{"year":2015.0,"value":87990.0},{"year":2016.0,"value":95496.0,"projected":"true","projectedValue":7958.0}]}
{"_id":{"$oid":"57060b9065e97cf943704e7f"},"accountID":2.28857517e+08,"accountNumber":2.8575117e+07,"comparison":500.0,"comparisonPercent":"5%","currency":"GBP","values":[{"year":2014.0,"value":93101.0},{"year":2015.0,"value":91592.0},{"year":2016.0,"value":85836.0,"projected":"true","projectedValue":7153.0}]}
{"_id":{"$oid":"57060bbe65e97cf943704e80"},"accountID":2.28857518e+08,"accountNumber":2.8575118e+07,"comparison":1200.0,"comparisonPercent":"8%","currency":"USD","values":[{"year":2014.0,"value":90851.0},{"year":2015.0,"value":93872.0},{"year":2016.0,"value":85932.0,"projected":"true","projectedValue":7161.0}]}
{"_id":{"$oid":"57060be765e97cf943704e81"},"accountID":2.2885752e+08,"accountNumber":2.857512e+07,"comparison":125.0,"comparisonPercent":"6%","currency":"GBP","values":[{"year":2014.0,"value":77253.0},{"year":2015.0,"value":78588.0},{"year":2016.0,"value":94608.0,"projected":"true","projectedValue":7884.0}]}
{"_id":{"$oid":"57060c0865e97cf943704e82"},"accountID":2.28857611e+08,"accountNumber":2.8576111e+07,"comparison":250.0,"comparisonPercent":"2%","currency":"GBP","values":[{"year":2014.0,"value":79872.0},{"year":2015.0,"value":75751.0},{"year":2016.0,"value":67308.0,"projected":"true","projectedValue":5609.0}]}
{"_id":{"$oid":"57060c2765e97cf943704e83"},"accountID":2.28857612e+08,"accountNumber":2.8576112e+07,"comparison":-1250.0,"comparisonPercent":"-12%","currency":"GBP","values":[{"year":2014.0,"value":78798.0},{"year":2015.0,"value":81322.0},{"year":2016.0,"value":63624.0,"projected":"true","projectedValue":5302.0}]}
{"_id":{"$oid":"57060c4665e97cf943704e84"},"accountID":2.28857615e+08,"accountNumber":2.8576115e+07,"comparison":150.0,"comparisonPercent":"6%","currency":"GBP","values":[{"year":2014.0,"value":78013.0},{"year":2015.0,"value":76760.0},{"year":2016.0,"value":87612.0,"projected":"true","projectedValue":6565.0}]}
