<?xml version="1.0" encoding="UTF-8"?>
<beans:beans xmlns="http://www.springframework.org/schema/mvc"
	xmlns:xsi="http://www.w3.org/2001/XMLSchema-instance"
	xmlns:beans="http://www.springframework.org/schema/beans"
	xmlns:context="http://www.springframework.org/schema/context"
	xmlns:mongo="http://www.springframework.org/schema/data/mongo"
	xmlns:aop="http://www.springframework.org/schema/aop"
	xsi:schemaLocation="http://www.springframework.org/schema/mvc http://www.springframework.org/schema/mvc/spring-mvc.xsd
		http://www.springframework.org/schema/beans http://www.springframework.org/schema/beans/spring-beans.xsd
		http://www.springframework.org/schema/context http://www.springframework.org/schema/context/spring-context.xsd
		http://www.springframework.org/schema/data/mongo http://www.springframework.org/schema/data/mongo/spring-mongo-1.5.xsd
		http://www.springframework.org/schema/aop http://www.springframework.org/schema/aop/spring-aop-4.0.xsd">

	
	<context:component-scan base-package="com.barclays.cpapi.controller" />
	<beans:bean id="restTemplate" class="org.springframework.web.client.RestTemplate" />
	
	
	<beans:bean id="placeholderConfig" class="org.springframework.beans.factory.config.PropertyPlaceholderConfigurer">
		<beans:property name="locations">
			<beans:list>
			<beans:value>classpath:contentprovider.properties</beans:value>
			</beans:list>
		</beans:property>
	</beans:bean>

	<!-- ******************************* ***** CACHE CONFIGURATION ***** ******************************* -->
	<beans:bean id="cacheManager" class="org.springframework.cache.ehcache.EhCacheCacheManager">
		<beans:property name="cacheManager" ref="ehcache" />
	</beans:bean>
	<beans:bean id="ehcache"
		class="org.springframework.cache.ehcache.EhCacheManagerFactoryBean">
		<beans:property name="configLocation" value="classpath:ehcache.xml" />
		<beans:property name="shared" value="true" />
	</beans:bean>
	
	<!-- DispatcherServlet Context: defines this servlet's request-processing infrastructure -->
	<!-- Enables the Spring MVC @Controller programming model -->
	<annotation-driven />
	
	<interceptors>
        <interceptor>
            <mapping path="/1.0/**" />
            <beans:bean class="com.barclays.cpapi.security.RequestThrottlingInterceptor"></beans:bean>
        </interceptor>
    </interceptors>

	<aop:aspectj-autoproxy />

	<!-- Aspect -->
	<beans:bean id="logAspect" class="com.barclays.cpapi.aspect.LoggingAspect" />

	<!-- Handles HTTP GET requests for /resources/** by efficiently serving up static resources in the ${webappRoot}/resources directory -->
	<resources mapping="/resources/**" location="/resources/" />
</beans:beans>
