<?xml version="1.0" encoding="UTF-8"?>
<beans:beans xmlns="http://www.springframework.org/schema/mvc"
	xmlns:xsi="http://www.w3.org/2001/XMLSchema-instance"
	xmlns:beans="http://www.springframework.org/schema/beans"
	xmlns:context="http://www.springframework.org/schema/context"
	xmlns:mongo="http://www.springframework.org/schema/data/mongo"
	xmlns:aop="http://www.springframework.org/schema/aop"
	xsi:schemaLocation="http://www.springframework.org/schema/mvc http://www.springframework.org/schema/mvc/spring-mvc.xsd
		http://www.springframework.org/schema/beans http://www.springframework.org/schema/beans/spring-beans.xsd
		http://www.springframework.org/schema/context http://www.springframework.org/schema/context/spring-context.xsd
		http://www.springframework.org/schema/data/mongo http://www.springframework.org/schema/data/mongo/spring-mongo-1.5.xsd
		http://www.springframework.org/schema/aop http://www.springframework.org/schema/aop/spring-aop-4.0.xsd">

	<context:component-scan base-package="com.barclays.riapi.controller" />
	

	
	<!-- Enables the Spring MVC @Controller programming model -->
	<annotation-driven />
	
	<aop:aspectj-autoproxy />

	<!-- Aspect -->
	<beans:bean id="logAspect" class="com.barclays.riapi.aspect.LoggingAspect" />

	<!-- Handles HTTP GET requests for /resources/** by efficiently serving up static resources in the ${webappRoot}/resources directory -->
	<resources mapping="/resources/**" location="/resources/" />

	<beans:bean id="placeholderConfig" class="org.springframework.beans.factory.config.PropertyPlaceholderConfigurer">
		<beans:property name="locations">
			<beans:list>
			<beans:value>classpath:database.properties</beans:value>
			<beans:value>classpath:rinsight.properties</beans:value>
			<!-- <beans:value>file:${propertiesLocation}</beans:value> -->
			</beans:list>
		</beans:property>
	</beans:bean>
	
	<!-- Mongo DB connection  -->
	<mongo:mongo host="${mongo.db.host}" port="${mongo.db.port}" id="mongo" >
	</mongo:mongo>
	
	<!-- without username and password  -->
	
	<mongo:db-factory dbname="${mongo.db.dbname}" mongo-ref="mongo" id="mongoDbFactory" />
	
	<!-- with username and password
	 
	<mongo:db-factory username="datapi" password="datapi" dbname="test" mongo-ref="mongo" id="mongoDbFactory" />   -->
	 
	
	<beans:bean id="mongoTemplate" class="org.springframework.data.mongodb.core.MongoTemplate">
		<beans:constructor-arg ref="mongoDbFactory" />
	</beans:bean>

	<!-- Added interceptors for Entitlement -->	
	<interceptors>
        <interceptor>
            <mapping path="/1.0/**" />
            <beans:bean class="com.barclays.riapi.security.RestAuthorizationInterceptor"></beans:bean>
        </interceptor>
    </interceptors>
    
</beans:beans>
